district,road_section,seg_lat,seg_lng
北投區,臺北市士林區長壽路,25.142624750294,121.504392473676
中山區,臺北市中山區新生北路二段,25.056591241702,121.52771326608
文山區,臺北市文山區景興路,24.992261135246,121.544043023281
北投區,臺北市北投區中央南路1段,25.130485376097,121.501126473873
北投區,臺北市北投區天母西路,25.118951786377,121.522954905293
北投區,臺北市北投區泉源路,25.142816776645,121.520319336976
中山區,臺北市中山區林森北路,25.061658979065,121.525627573797
文山區,臺北市文山區木柵路三段,24.988895012341,121.5684061769
中山區,臺北市中山區新生北路三段,25.071350409935,121.52756876449
中山區,臺北市中山區長春路,25.054752279187,121.536685174748
士林區,臺北市士林區德行東路,25.109352802711,121.533008578197
大安區,臺北市大安區大安路一段,25.037016391715,121.546038017406
中山區,臺北市中山區雙城街,25.065672479414,121.524270433646
士林區,臺北市士林區大東路,25.092112399408,121.525380070247
北投區,臺北市北投區紗帽路,25.145155331771,121.531301823386
北投區,臺北市北投區溫泉路,25.136269795143,121.510254790349
士林區,臺北市士林區格致路,25.140575067994,121.548834515327
大安區,臺北市大安區住安里信義路四段,25.033045450218,121.558679841435
中山區,臺北市中山區德惠街,25.066577603168,121.530681169239
大安區,臺北市大安區永康街,25.028930246285,121.529659346692
士林區,臺北市士林區陽明路一段,25.148957330332,121.549348744212
士林區,臺北市士林區中山北路六段,25.110796781343,121.525627891471
大安區,臺北市大安區潮州街,25.028890990012,121.526296436131
文山區,臺北市文山區興隆路4段,24.986699812759,121.560933705504
中山區,臺北市中山區吉林路,25.058177723775,121.530243286916
內湖區,臺北市內湖區內湖路１段,25.081876731955,121.570101029934
北投區,臺北市北投區光明路,25.133406929798,121.501719482632
大安區,臺北市大安區仁愛路四段,25.037926894257,121.549714878397
文山區,臺北市文山區興德路,25.003020600341,121.557220852473
士林區,臺北市士林區福德路,25.092640689435,121.526489520238
北投區,臺北市北投區立功街,25.126078159561,121.470107389199
士林區,臺北市士林區延平北路五段,25.082767590532,121.51025103124
士林區,臺北市士林區劍潭路,25.083981814995,121.522315422326
北投區,臺北市北投區幽雅路,25.137511499449,121.513975124577
內湖區,臺北市內湖區行善路,25.061734641085,121.584112474452
內湖區,臺北市內湖區民權東路六段,25.068964930728,121.593451144717
文山區,臺北市文山區福興路,25.004034940539,121.549842380956
文山區,臺北市文山區指南路三段,24.973763448596,121.594295854953
文山區,臺北市文山區興隆路三段,24.995135557669,121.559747711824
中山區,臺北市中山區合江街,25.058490553092,121.539186340293
內湖區,臺北市內湖區康寧路三段,25.072117996617,121.608650904849
北投區,臺北市北投區大業路,25.131459041036,121.496141204252
北投區,臺北市北投區中央北路四段,25.128833443648,121.469873803556
士林區,臺北市士林區東山里士東路,25.1127766,121.5327889
北投區,臺北市北投區崇仰一路,25.125569510291,121.511586402907
士林區,臺北市士林區延平北路六段,25.090418154271,121.501203388639
士林區,臺北市士林區倫等街,25.092416767956,121.501305005922
士林區,臺北市士林區中山北路七段,25.123251803614,121.532255739077
大安區,臺北市大安區瑞安街,25.028087751248,121.540749793853
大安區,臺北市大安區建國南路二段,25.027986253839,121.537977149947
中山區,臺北市中山區明水路,25.077406649721,121.544976702212
文山區,臺北市文山區羅斯福路四段,25.010466593997,121.537158069155
文山區,臺北市文山區政大一街,24.985792517365,121.584225458194
文山區,臺北市文山區光輝路,24.984929698681,121.556503732553
內湖區,臺北市內湖區蘆洲里永保街,25.063664023672,121.600121424956
內湖區,臺北市內湖區內湖路一段,25.081876731955,121.570101029934
內湖區,臺北市內湖區內湖路三段,25.092123353905,121.57727122373
內湖區,臺北市內湖區大湖山莊街,25.085594977044,121.603502280532
中山區,臺北市中山區龍江路,25.05742772527,121.540620109852
中山區,臺北市中山區基湖路,25.077652423482,121.563221944559
士林區,臺北市士林區承德路四段,25.0896462,121.5182389
北投區,臺北市北投區中央南路二段,25.124225493277,121.500226313618
士林區,臺北市士林區忠誠路一段,25.105170070836,121.528573200094
文山區,臺北市文山區羅斯福路五段,25.009128304548,121.537744329027
文山區,臺北市文山區辛亥路四段,25.009123339105,121.557991708542
內湖區,臺北市內湖區大湖街,25.095626828492,121.605685370031
中山區,臺北市中山區松江路,25.058164935337,121.533024904924
內湖區,臺北市內湖區成功路四段,25.084210272047,121.595045709081
內湖區,臺北市內湖區金湖路,25.077876995057,121.60014944585
士林區,臺北市士林區天母西路,25.118440606618,121.526992460668
士林區,臺北市士林區士東路,25.1127766,121.5327889
大安區,臺北市大安區通化街,25.02742344597,121.553415423157
大安區,臺北市大安區敦化南路一段,25.036853280637,121.549057687674
大安區,臺北市大安區復興南路一段,25.039167179106,121.543808461173
大安區,臺北市大安區光復南路,25.041435962129,121.557590146238
大安區,臺北市大安區敦化南路二段,25.026950717151,121.548774407728
大安區,臺北市大安區建國南路一段,25.03913771523,121.538224024289
北投區,臺北市北投區大興街,25.130597234192,121.500775340905
內湖區,臺北市內湖區文德路,25.078498955153,121.585431956702
文山區,臺北市文山區興隆路3段,24.995135557669,121.559747711824
北投區,臺北市北投區中央北路二段,25.138145841028,121.492187443532
中山區,臺北市中山區復興北路,25.049720178235,121.543868643043
中山區,臺北市中山區渭水路,25.045688899021,121.53384384512199
內湖區,臺北市內湖區南京東路六段,25.058808228418,121.584833072319
內湖區,臺北市內湖區安康路,25.06322900458,121.601809049296
文山區,臺北市文山區萬和街,25.000733054714,121.568528616319
文山區,臺北市文山區仙岩路,24.999616603943,121.54957499293
文山區,臺北市文山區忠順街一段,24.983863779883,121.55785801764
文山區,臺北市文山區木新路三段,24.981306695261,121.55923028275
文山區,臺北市文山區萬美街２段,25.005163189351,121.563769421497
文山區,臺北市文山區保儀路,24.986155823055,121.567796264477
中山區,臺北市中山區新生北路一段,25.047711196493,121.529913720476
北投區,臺北市北投區樹林路,25.142775115931,121.490184001485
大安區,臺北市大安區和平東路二段,25.025180751795,121.540713017269
士林區,臺北市士林區德行西路,25.104836528162,121.522233309585
大安區,臺北市大安區泰順街,25.023931302161,121.531361672244
中山區,臺北市中山區建國北路一段,25.049531696841,121.536695875141
大安區,臺北市大安區和平東路三段,25.023397031642,121.553413606078
內湖區,臺北市內湖區東湖路,25.06818772349,121.616293596445
大安區,臺北市大安區安居街,25.019814684504,121.553589704898
大安區,臺北市大安區忠孝東路三段,25.041602330189,121.538350155811
北投區,臺北市北投區中山路,25.137279403447,121.508617198987
士林區,山北路7段,25.0928568,121.5198273
士林區,臺北市士林區社子里延平北路六段,25.090418154271,121.501203388639
北投區,臺北市北投區中和街,25.142556514005,121.498570189938
北投區,臺北市北投區崇仁路一段,25.125425523158,121.50174449059
士林區,臺北市士林區大西路,25.090237481653,121.524282627453
內湖區,臺北市內湖區陽光街,25.075329600454,121.585930737057
中山區,臺北市中山區中山北路一段,25.050122979586,121.521851375691
內湖區,臺北市內湖區康樂街,25.084811902525,121.623911838868
內湖區,臺北市內湖區新明路,25.05714382028,121.584842612737
中山區,臺北市中山區北安路,25.078026573766,121.532309678968
內湖區,臺北市內湖區文湖街,25.086707534379,121.562245226626
文山區,臺北市文山區興隆路四段,24.986699812759,121.560933705504
中山區,臺北市中山區農安街,25.064777913822,121.532526105274
中山區,臺北市中山區南京東路一段,25.052032600091,121.525083491316
中山區,臺北市中山區樂群二路,25.079996630667,121.557455083865
內湖區,臺北市內湖區瑞光路,25.078030586819,121.571251609102
中山區,臺北市中山區撫順街,25.06359952899,121.520806820177
北投區,臺北市北投區西安街二段,25.119633186482,121.511013749286
士林區,臺北市士林區文林路,25.094967279571,121.524637864692
大安區,臺北市大安區麗水街,25.03021420107,121.528558635342
文山區,臺北市文山區木新路3段,24.981306695261,121.55923028275
文山區,臺北市文山區景華街,24.995427135392,121.546321015786
北投區,臺北市北投區新興路,25.140201767819,121.487722214227
北投區,臺北市北投區吉利街,25.118643654412,121.508508867209
大安區,臺北市大安區信義路三段,25.033491555574,121.538121414364
中山區,臺北市中山區長安東路一段,25.048865821627,121.525594198362
文山區,臺北市文山區木柵路一段,24.986870628629,121.546508825123
文山區,臺北市文山區興隆路二段,25.000743663791,121.549439076372
文山區,臺北市文山區景中街,24.992902591294,121.542770639095
文山區,臺北市文山區汀州路四段,25.007362204926,121.537155999483
內湖區,臺北市內湖區環山路一段,25.086403406416,121.566096492092
內湖區,臺北市內湖區堤頂大道二段,25.07843742021,121.565602611157
內湖區,臺北市內湖區舊宗路二段,25.070434852725,121.574837116958
士林區,臺北市士林區福港街,25.085800055885,121.517665702511
士林區,臺北市士林區通河東街一段,25.08518129807,121.516079907479
大安區,臺北市大安區新生南路一段,25.038011367485,121.532699866242
大安區,臺北市大安區和平東路一段,25.026656508551,121.528647064348
大安區,臺北市大安區基隆路二段,25.022949303755,121.550840234387
大安區,臺北市大安區台北市復興南路2段,25.027280507132,121.543354032922
北投區,臺北市北投區中央南路2段,25.124225493277,121.500226313618
士林區,臺北市士林區天母東路,25.1177686,121.534199
中山區,鄰明水路,25.077406649721,121.544976702212
大安區,臺北市大安區延吉街,25.035352210769,121.555786654574
大安區,臺北市大安區信義路四段,25.033113030952,121.550456657675
北投區,臺北市北投區清江路,25.129260586628,121.501871945382
北投區,臺北市北投區復興一路,25.140807298431,121.502800216288
士林區,臺北市士林區通河街,25.080425529387,121.521726896048
北投區,臺北市北投區大同街,25.137530396314,121.499161979105
北投區,臺北市北投區杏林三路,25.141499659888,121.497389132866
士林區,臺北市士林區華齡街,25.085370528084,121.519380214541
中山區,臺北市中山區錦州街,25.060349190852,121.531791902566
中山區,臺北市中山區市民大道三段,25.044910305055,121.535928200671
中山區,臺北市中山區通北街,25.085910234547,121.537139840917
文山區,臺北市文山區忠順街2段,24.98490623084,121.56425517399
文山區,臺北市文山區木柵路四段,24.994217791101,121.571656960438
文山區,臺北市文山區萬壽路,24.988662106507,121.587909410426
中山區,臺北市中山區新生北路2段,25.056591241702,121.52771326608
中山區,臺北市中山區中山北路二段,25.05858277814,121.522895439507
大安區,臺北市大安區安和路二段,25.028893031458,121.550706163944
內湖區,臺北市內湖區麗山街,25.080982500662,121.580417282624
北投區,臺北市北投區公館路,25.126076036069,121.508148351752
士林區,臺北市士林區重慶北路四段,25.084121249957,121.511679141176
文山區,臺北市文山區羅斯福路六段,24.994496793815,121.541112282616
北投區,臺北市北投區行義路,25.132533014692,121.528432671645
士林區,臺北市士林區中正路,25.095110008398,121.524689079121
中山區,臺北市中山區民權西路,25.062903352972,121.521114947424
內湖區,臺北市內湖區港華街,25.0830160618,121.575094127487
中山區,臺北市中山區中山北路三段,25.073760817392,121.524393571623
文山區,臺北市文山區試院路,24.989207887689,121.544820794987
中山區,臺北市中山區中央里四平街,25.053663582025,121.531509519326
內湖區,臺北市內湖區環山路二段,25.085322684925,121.573688591123
中山區,臺北市中山區民權東路一段,25.062786268938,121.525117397562
內湖區,臺北市內湖區港墘路,25.078777592261,121.576347960563
中山區,臺北市中山區南京西路,25.052206070363,121.522525339224
士林區,臺北市士林區通河西街二段,25.093099593338,121.506350438162
士林區,臺北市士林區雨農路,25.098830006959,121.532482915311
北投區,臺北市北投區中央北路三段,25.137126962336,121.482576470371
士林區,臺北市士林區至誠路一段,25.101295832925,121.533816375377
北投區,臺北市北投區承德路七段,25.11598523666,121.505548560155
北投區,臺北市北投區石牌路二段,25.11900457629,121.521154201994
北投區,臺北市北投區中山北路七段,25.123251803614,121.532255739077
北投區,臺北市北投區尊賢街,25.116791493992,121.507327657107
內湖區,臺北市內湖區潭美街,25.06081083035,121.592990398169
大安區,臺北市大安區樂業街,25.021307089247,121.551556057454
北投區,臺北市北投區稻香路,25.143633742968,121.486090028341
中山區,臺北市中山區民生東路二段,25.057901397051,121.532038527845
內湖區,臺北市內湖區內湖路二段,25.0812084337,121.58689115097
文山區,臺北市文山區永安街,24.986804693543,121.570269449303
文山區,臺北市文山區忠順街二段,24.98490623084,121.56425517399
文山區,臺北市文山區三福街,24.996803752513,121.542090462155
文山區,臺北市文山區萬寧街,25.003480086633,121.569267095506
中山區,臺北市中山區民生東路三段,25.057875158474,121.540456653734
北投區,臺北市北投區中央南路一段,25.130485376097,121.501126473873
北投區,臺北市北投區翠嶺路,25.142662713263,121.506192156046
大安區,臺北市大安區龍泉街,25.025529056423,121.529278127162
大安區,臺北市大安區復興南路二段,25.027280507132,121.543354032922
中山區,臺北市中山區長安東路1段,25.048865821627,121.525594198362
內湖區,臺北市內湖區成功路二段,25.067108844516,121.590707831286
大安區,臺北市大安區忠孝東路四段,25.041452460812,121.5488668357
大安區,臺北市大安區雲和街,25.023216900572,121.532660811163
北投區,臺北市北投區東華街一段,25.111069238339,121.518234844589
中山區,臺北市中山區大直街,25.083900203224,121.546308357289
中山區,臺北市中山區敬業三路,25.080942588798,121.556251665298
內湖區,臺北市內湖區星雲街,25.079456462298,121.593759446008
大安區,臺北市大安區四維路,25.030146642583,121.547999034408
士林區,臺北市士林區士商路,25.092127675028,121.518907908634
北投區,臺北市北投區大度路三段,25.120933704362,121.499269415806
內湖區,臺北市內湖區五分街,25.067408570748,121.614504685891
北投區,臺北市北投區杏林二路,25.142425896538,121.496859658994
北投區,臺北市北投區榮華二路,25.113487873459,121.523347466395
中山區,臺北市中山區南京東路三段,25.051863335608,121.540536001612
文山區,臺北市文山區久康街,24.989989400412,121.566355602336
文山區,臺北市文山區萬利街,25.00047968902,121.565633730592
文山區,臺北市文山區木柵路二段,24.988803942826,121.561662148876
文山區,臺北市文山區和平東路四段,25.004535420977,121.57096368871
內湖區,臺北市內湖區金龍路,25.085974738936,121.589964868042
中山區,臺北市中山區天祥路,25.062293217939,121.520961816347
文山區,臺北市文山區羅斯福路5段,25.009128304548,121.537744329027
士林區,臺北市士林區福榮街,25.096154997063,121.527130755312
內湖區,臺北市內湖區康寧路一段,25.078776157946,121.595071786189
中山區,臺北市中山區興安街,25.056147278846,121.539392807634
北投區,臺北市北投區西安街一段,25.110746242769,121.517813487981
士林區,臺北市士林區忠義街,25.10627909449,121.532042556705
文山區,臺北市文山區政大二街,24.987889143586,121.584011546827
文山區,臺北市文山區萬隆街,25.000596075024,121.53747996232
文山區,臺北市文山區景文街,24.989095985444,121.540888723581
中山區,臺北市中山區長安西路,25.050034154818,121.520900188119
北投區,臺北市北投區東華街二段,25.12032396417,121.510157766225
大安區,臺北市大安區臥龍街,25.018684895416,121.554943832648
內湖區,臺北市內湖區成功路三段,25.078202022921,121.589668918205
北投區,臺北市北投區致遠二路,25.116238085851,121.511731228502
北投區,臺北市北投區復興二路,25.142467594728,121.503054925028
大安區,臺北市大安區安和路一段,25.036977253548,121.551898487688
文山區,臺北市文山區溪口街,24.995563749966,121.538687311515
士林區,臺北市士林區後港街,25.08549104133,121.522308965649
士林區,臺北市士林區天和里中山北路七段,25.123251803614,121.532255739077
中山區,臺北市中山區長安東路二段,25.048434245375,121.536627792202
內湖區,臺北市內湖區安泰街,25.082258164069,121.615102728373
文山區,臺北市文山區萬盛街,25.00602159615,121.540720604509
文山區,臺北市文山區景福街,24.9977920247,121.53669194
文山區,臺北市文山區景美街,24.988597579446,121.54180769673
文山區,臺北市文山區萬芳路,24.998785145547,121.569291778065
內湖區,臺北市內湖區成功路五段,25.080557299867,121.607134252674
大安區,臺北市大安區仁愛路三段,25.038015344778,121.543567877689
文山區,臺北市文山區辛亥路7段,24.984044846928,121.554248742172
北投區,臺北市北投區致遠一路二段,25.112374536018,121.513416964114
士林區,臺北市士林區芝玉路一段,25.105358735859,121.535204282044
北投區,臺北市北投區致遠一路一段,25.108813079692,121.515957387911
中山區,臺北市中山區中原街,25.059857510765,121.528916945018
文山區,臺北市文山區萬安街,24.999990955777,121.57093336226
文山區,臺北市文山區興隆路一段,25.004269661114,121.539133954494
文山區,臺北市文山區興順街,25.001295780409,121.545244731085
中山區,臺北市中山區民生東路一段,25.058089802128,121.525178345861
中山區,臺北市中山區樂群三路,25.082649936263,121.556298570067
北投區,臺北市北投區崗山路,25.140952039931,121.486547878892
大安區,臺北市大安區嘉興街,25.022241284004,121.552418086434
大安區,臺北市大安區溫州街,25.022308387387,121.533183474371
士林區,臺北市士林區中山北路五段,25.081542308209,121.524686195574
大安區,臺北市大安區八德路二段,25.044920670291,121.534524271376
大安區,臺北市大安區金山南路2段,25.030390443113,121.526563980615
大安區,臺北市大安區新生南路三段,25.021110303413,121.534239705385
士林區,臺北市士林區天母北路,25.120918609176,121.526637096571
士林區,臺北市士林區基河路,25.094255832677,121.519293224972
北投區,臺北市北投區榮華一路,25.112260215251,121.524262369978
北投區,臺北市北投區民族街,25.132754481094,121.505587442216
內湖區,臺北市內湖區新豐街,25.060263697371,121.583972785644
中山區,臺北市中山區敬業二路,25.082190215264,121.554400696928
中山區,臺北市中山區建國北路三段,25.065775770269,121.536542092783
文山區,臺北市文山區景後街,24.989396657147,121.541928038848
文山區,臺北市文山區新光路一段,24.990791070895,121.573696534917
文山區,臺北市文山區下崙路,24.986252962957,121.557880510383
中山區,臺北市中山區民權東路三段,25.062450349534,121.540574757675
北投區,臺北市北投區新民路,25.139999608821,121.510142808718
北投區,臺北市北投區中正街,25.132171687785,121.500356133783
士林區,臺北市士林區福國路,25.101830085092,121.5218514409
士林區,臺北市士林區社中街,25.091562609485,121.507374217018
大安區,臺北市大安區和平東路3段,25.023397031642,121.553413606078
士林區,臺北市士林區中山北路7段,25.123251803614,121.532255739077
北投區,臺北市北投區同德街,25.125104871158,121.528108146376
北投區,臺北市北投區文化三路,25.137376996337,121.497275843795
中山區,臺北市中山區建國北路2段,25.057095274167,121.536654653154
中山區,臺北市中山區南京東路二段,25.052126787203,121.53225226328
文山區,臺北市文山區辛亥路六段,24.991877634194,121.551407155658
文山區,臺北市文山區政大三街,24.986279765851,121.583642391905
北投區,臺北市北投區奇岩路,25.129898827804,121.507615879238
北投區,臺北市北投區明德路,25.112486055607,121.521791352855
大安區,臺北市大安區杭州南路二段,25.03209518066,121.522514912435
中山區,臺北市中山區民權東路3段,25.062450349534,121.540574757675
士林區,臺北市士林區環河北路三段,25.085842245138,121.505618370147
內湖區,臺北市內湖區內湖路3段,25.092123353905,121.57727122373
文山區,臺北市文山區指南路3段,24.973763448596,121.594295854953
大安區,臺北市大安區信義路二段,25.03376616451,121.529837811748
士林區,臺北市士林區永倫里延平北路六段,25.090418154271,121.501203388639
士林區,臺北市士林區芝玉路二段,25.111399356809,121.534751238431
北投區,臺北市北投區石牌路一段,25.114047028061,121.512097844443
北投區,臺北市北投區育仁路,25.134500420314,121.499205568496
內湖區,臺北市內湖區新湖三路,25.064700615991,121.579087890216
內湖區,臺北市內湖區瑞湖街,25.071674574464,121.576295434214
文山區,臺北市文山區中崙路,24.983436930078,121.565020014008
內湖區,臺北市內湖區內湖路1段,25.081876731955,121.570101029934
北投區,臺北市北投區懷德街,25.112652755927,121.519523703035
士林區,臺北市士林區後街,25.09810065383,121.524701574324
士林區,臺北市士林區社子街,25.087466681903,121.506203327118
大安區,臺北市大安區金山南路二段,25.030390443113,121.526563980615
大安區,臺北市大安區羅斯福路三段,25.019297175588,121.529773071531
中山區,臺北市中山區建國北路二段,25.057095274167,121.536654653154
士林區,臺北市士林區福華路,25.103100622657,121.522741971956
士林區,臺北市士林區前港街,25.084885173140002,121.520495048322
大安區,臺北市大安區辛亥路三段,25.017044679668,121.548610811338
北投區,臺北市北投區翠宜路,25.143320476439,121.505121747715
北投區,臺北市北投區豐年路二段,25.136329700595,121.494654599592
北投區,臺北市北投區立農街二段,25.11874373378,121.515374056599
士林區,臺北市士林區幸福街,25.096546437171,121.528061168049
士林區,臺北市士林區至誠路二段,25.101551180068,121.528183439019
北投區,臺北市北投區立農街一段,25.119392371872,121.508390540105
中山區,臺北市中山區安東街,25.045950667419,121.541998211683
文山區,臺北市文山區木新路二段,24.984498757334,121.56997521775
北投區,臺北市北投區文林北路,25.10720238243,121.515364186518
大安區,臺北市大安區辛亥路一段,25.022041840189,121.532494518718
大安區,臺北市大安區信義路4段,25.033113030952,121.550456657675
北投區,臺北市北投區永興路二段,25.14006732852,121.501887040379
士林區,臺北市士林區福志路,25.098949684109,121.52992393175
中山區,臺北市中山區新生北路3段,25.071350409935,121.52756876449
內湖區,臺北市內湖區新湖一路,25.060701528212,121.579901437654
文山區,臺北市文山區木柵路4段,24.994217791101,121.571656960438
中山區,臺北市中山區中山區中山北路2段,25.05858277814,121.522895439507
士林區,臺北市士林區忠誠路二段,25.113498085579,121.53169075824
北投區,臺北市北投區裕民六路,25.114150336182,121.517359899626
大安區,臺北市大安區樂利路,25.02733343593,121.551460135451
中山區,臺北市中山區伊通街,25.052488900501,121.534805918997
北投區,臺北市北投區知行路,25.119192367613,121.462873741129
北投區,臺北市北投區天母北路,25.123646330279,121.526247199791
文山區,臺北市文山區秀明路二段,24.991942378433,121.575440830935
文山區,臺北市文山區景豐街,25.000249957777,121.54593908359
文山區,臺北市文山區辛亥路五段,24.998159417867,121.553071537376
文山區,臺北市文山區和興路,24.98502852685,121.547985403669
北投區,臺北市北投區實踐街,25.115227950566,121.50920244307
大安區,臺北市大安區東豐街,25.036040475747,121.546079211723
大安區,臺北市大安區市民大道四段,25.044937350028,121.546947788094
北投區,臺北市北投區石牌路2段,25.11900457629,121.521154201994
士林區,臺北市士林區至善路二段,25.102927046956,121.553221922082
內湖區,臺北市內湖區新富街,25.05977268406,121.584277423642
文山區,臺北市文山區興隆路2段,25.000743663791,121.549439076372
中山區,臺北市中山區中山北路2段,25.05858277814,121.522895439507
士林區,臺北市士林區大亨路,25.0928568,121.5198273
士林區,臺北市士林區大北路,25.090077308441,121.525307276835
士林區,臺北市士林區大南路,25.088903934453,121.518391121524
大安區,臺北市大安區羅斯福路二段,25.02621863888,121.523178445611
北投區,臺北市北投區大屯路,25.143475865731,121.500638277906
內湖區,臺北市內湖區週美里新明路,25.05714382028,121.584842612737
文山區,臺北市文山區樟新街,24.976620416634,121.556063231162
文山區,臺北市文山區萬美街二段,25.005163189351,121.563769421497
內湖區,臺北市內湖區新湖二路,25.063541663741,121.58088626041
北投區,臺北市北投區中央北路一段,25.134777743947,121.499596515533
中山區,臺北市中山區民生西路,25.057740824199,121.521795624182
士林區,臺北市士林區延平北路6段,25.090418154271,121.501203388639
北投區,臺北市北投區開明街,25.141549344996,121.501685800674
士林區,臺北市士林區延平北路八段,25.105936895028,121.482920733481
文山區,臺北市文山區景仁街,24.99735368994,121.539998332025
北投區,臺北市北投區裕民二路,25.115284507123,121.516870916626
北投區,臺北市北投區大度路3段,25.120933704362,121.499269415806
士林區,臺北市士林區葫蘆街,25.083050602679,121.507801194378
文山區,臺北市文山區和平東路4段,25.004535420977,121.57096368871
中山區,臺北市中山區敬業一路,25.081316765762,121.552750688387
北投區,臺北市北投區建民路,25.108809368397,121.517289747604
文山區,臺北市文山區育英街,24.991494658842,121.538334433597
中山區,臺北市中山區朱崙街,25.049991033751,121.540428267088
中山區,臺北市中山區市民大道３段,25.044910305055,121.535928200671
士林區,臺北市士林區雙溪街,25.100904505115,121.52830634461
北投區,臺北市北投區三合街一段,25.127010680485,121.505590058268
北投區,臺北市北投區自強街,25.110663696714,121.514633411107
中山區,臺北市中山區民權東路二段,25.062449220883,121.532161254971
內湖區,臺北市內湖區安美街,25.05999063185,121.600389448443
內湖區,臺北市內湖區金莊路,25.063217991855,121.587623392791
中山區,臺北市中山區南京東路1段,25.052032600091,121.525083491316
文山區,臺北市文山區木柵路2段,24.988803942826,121.561662148876
中山區,臺北市中山區民族東路,25.068214000982,121.537413886154
大安區,臺北市大安區辛亥路3段,25.017044679668,121.548610811338
內湖區,臺北市內湖區環山路2段,25.085322684925,121.573688591123
大安區,臺北市大安區敦化南路1段,25.036853280637,121.549057687674
士林區,臺北市士林區葫東街,25.083624332544,121.511052149575
士林區,臺北市士林區忠誠里忠誠路一段,25.105170070836,121.528573200094
內湖區,臺北市內湖區江南街,25.077201161924,121.577295899514
中山區,臺北市中山區植福路,25.08210073465,121.560933056424
中山區,臺北市中山區遼寧街,25.052280851841,121.542058556861
北投區,臺北市北投區復興三路,25.153827290443,121.504006868371
北投區,臺北市北投區榮華三路,25.113793013351,121.523721330632
士林區,臺北市士林區雨聲街,25.104644611547,121.530537722329
士林區,臺北市士林區菁山路,25.144094024402,121.55963853595
北投區,臺北市北投區義理街,25.1172070847,121.515681495248
士林區,臺北市士林區社正路,25.088904454647,121.51018217053701
文山區,臺北市文山區車前路,24.99158283928,121.540308302054
文山區,臺北市文山區一壽街,24.979617418623,121.556636248821
中山區,臺北市中山區復興南路一段,25.046164183493,121.543794172375
北投區,臺北市北投區珠海路,25.142328675176,121.506534439446
北投區,臺北市北投區永興路一段,25.138663789267,121.499271678756
大安區,臺北市大安區新生南路二段,25.02748829143,121.534747900155
士林區,臺北市士林區通河東街二段,25.094099324635,121.513439725225
文山區,臺北市文山區辛亥路七段,24.984044846928,121.554248742172
文山區,臺北市文山區景明街,25.00116838199,121.54115240077
中山區,臺北市中山區四平街,25.053663582025,121.531509519326
士林區,臺北市士林區中社路二段,25.107427536504,121.5686039834
內湖區,臺北市內湖區康寧路3段,25.072117996617,121.608650904849
內湖區,臺北市內湖區成功路3段,25.078202022921,121.589668918205
大安區,臺北市大安區師大路,25.025659568835,121.528403682202
士林區,臺北市士林區天玉街,25.12123242179,121.530000332613
文山區,臺北市中正區萬和街,25.000733054714,121.568528616319
士林區,臺北市士林區中庸一路,25.135620350547,121.552687291322
中山區,臺北市中山區八德路二段,25.046509757098,121.539103601919
大安區,臺北市大安區大安路二段,25.030772573914,121.546066526866
內湖區,臺北市內湖區環山路三段,25.084759769455,121.580422041406
文山區,臺北市文山區集英街,24.988328494865,121.569419302947
文山區,臺北市文山區指南路一段,24.987662572822,121.571160911547
北投區,臺北市北投區豐年路一段,25.13416129452,121.497507081335
文山區,臺北市文山區新光路二段,24.997193910234,121.591673979276
中山區,臺北市中山區新北路二段,25.0642508,121.5336277
北投區,臺北市北投區致遠三路,25.121708055976,121.510537180283
北投區,臺北市北投區致遠一路2段,25.112374536018,121.513416964114
中山區,臺北市中山區南京東路3段,25.051863335608,121.540536001612
士林區,臺北市士林區文昌路,25.096333846264,121.521128676234
士林區,臺北市士林區前街,25.098587924972,121.525951876757
北投區,臺北市北投區磺港路,25.128487331099,121.503074260492
大安區,臺北市大安區臨江街,25.029411604642,121.557253744247
北投區,臺北市北投區中央北路2段,25.138145841028,121.492187443532
文山區,臺北市文山區指南路二段,24.986999971207,121.578479444041
北投區,臺北市北投區關渡路,25.12071101824,121.469297703729
大安區,臺北市大安區浦城街,25.024778918972,121.527607343403
文山區,臺北市文山區辛亥路4段,25.009123339105,121.557991708542
內湖區,臺北市內湖區洲子街,25.078583002971,121.574787418518
士林區,臺北市士林區中社路1段,25.110920416888,121.561016367405
大安區,鄰忠孝東路三段,25.041602330189,121.538350155811
士林區,臺北市士林區克強路,25.108885275801,121.524000795591
中山區,臺北市中山區民生東路1段,25.058089802128,121.525178345861
內湖區,臺北市內湖區週美里南京東路六段,25.058808228418,121.584833072319
大安區,臺北市大安區復興南路2段,25.027280507132,121.543354032922
北投區,臺北市北投區豐年路,25.1323027,121.5026806
大安區,臺北市大安區富陽街,25.018595464562,121.556864451076
士林區,臺北市士林區永平街,25.090839752513,121.50500278903
內湖區,臺北市中山區環山路二段,25.085322684925,121.573688591123
內湖區,臺北市中山區康寧路三段,25.072117996617,121.608650904849
中山區,臺北市中山區一江街,25.052675541439,121.531484028505
內湖區,臺北市內湖區行愛路,25.063620499443,121.580453794324
士林區,臺北市士林區中社路一段,25.110920416888,121.561016367405
大安區,臺北市大安區仁愛路4段,25.037926894257,121.549714878397
文山區,臺北市文山區木柵里秀明路一段,24.990936056046,121.566889895673
內湖區,臺北市中山區內湖路二段,25.0812084337,121.58689115097
大安區,臺北市大安區通安街,25.029928146273,121.553077920664
士林區,臺北市士林區社子里社正路,25.088904454647,121.51018217053701
文山區,臺北市文山區富山路,24.989503768489,121.553698324482
大安區,臺北市大安區辛亥路二段,25.021652959365,121.538539827742
士林區,臺北市士林區通河西街一段,25.082711766333,121.51301797324
北投區,臺北市北投區義方街,25.14106716782,121.501631229807
中山區,臺北市中山區興亞里吉林路,25.058177723775,121.530243286916
大安區,臺北市大安區基隆路2段,25.022949303755,121.550840234387
中山區,臺北市中山區民權東路2段,25.062449220883,121.532161254971
大安區,臺北市大安區新生北路一段,25.045343195836,121.53296429243
內湖區,臺北市內湖區民權東路6段,25.068964930728,121.593451144717
內湖區,臺北市內湖區舊宗路一段,25.061315151784,121.578342321226
大安區,臺北市大安區住安里四維路,25.030146642583,121.547999034408
士林區,臺北市士林區承德路4段,25.0896462,121.5182389
北投區,臺北市北投區復興四路,25.143324387874,121.501257111062
士林區,臺北市士林區美崙街,25.09686545863,121.521336244285
內湖區,臺北市內湖區南京東路6段,25.058808228418,121.584833072319
中山區,臺北市中山區五常街,25.064304530857,121.539897002154
北投區,臺北市北投區裕民一路,25.116545937005,121.517540574956
北投區,臺北市士林區新民路,25.139999608821,121.510142808718
北投區,臺北市北投區竹子湖路,25.17813773544,121.563434210965
大安區,臺北市大安區青田街,25.028183301079,121.531955190716
士林區,臺北市士林區社新里社子街,25.087466681903,121.506203327118
士林區,臺北市士林區忠誠路2段,25.113498085579,121.53169075824
中山區,臺北市中山區錦西街,25.060325656505,121.521646967449
中山區,臺北市中山區松江里松江路,25.058164935337,121.533024904924
內湖區,臺北市內湖區內溝里康樂街,25.084811902525,121.623911838868
文山區,臺北市文山區秀明路一段,24.990936056046,121.566889895673
北投區,臺北市北投區北投路一段,25.122383249987,121.501749684776
中山區,臺北市中山區新生北路,25.0642508,121.5336277
文山區,臺北市文山區恆光街,24.98189133339,121.56718140351
中山區,臺北市中山區敬業路,25.0642508,121.5336277
士林區,臺北市士林區明溪街,25.107109394093,121.565122983886
大安區,臺北市大安區仁愛里大安路一段,25.037016391715,121.546038017406
中山區,臺北市中山區中山北路1段,25.050122979586,121.521851375691
大安區,臺北市大安區和平東路2段,25.025180751795,121.540713017269
北投區,臺北市北投區富貴一路,25.114063158007,121.523927180295
中山區,臺北市中山區堤頂大道二段,25.074584704325,121.572128676364
中山區,臺北市中山區康樂里長春路,25.054752279187,121.536685174748
文山區,臺北市文山區博嘉里和平東路四段,25.004535420977,121.57096368871
士林區,臺北市士林區華岡路,25.137801303743,121.540989485739
大安區,臺北市大安區忠孝東路4段,25.041452460812,121.5488668357
文山區,臺北市文山區景隆街,24.999517416712,121.541991845628
士林區,臺北市士林區重慶北路4段,25.084121249957,121.511679141176
北投區,臺北市北投區開明里中和街,25.142556514005,121.498570189938
士林區,臺北市士林區東山路,25.114013923968,121.539173285274
士林區,臺北市士林區永公路,25.129192044503,121.565165111623
北投區,臺北市北投區台北市北投區明德路,25.112486055607,121.521791352855
北投區,臺北市士林區中和街,25.142556514005,121.498570189938
中山區,臺北市中山區恆安里農安街,25.064777913822,121.532526105274
內湖區,臺北市內湖區內湖區港華街,25.0830160618,121.575094127487
士林區,臺北市士林區仰德大道3段,25.119437042443,121.552942131666
北投區,臺北市北投區長壽路,25.142624750294,121.504392473676
內湖區,臺北市中山區瑞光路,25.078030586819,121.571251609102
文山區,臺北市文山區忠順街1段,24.983863779883,121.55785801764
大安區,臺北市大安區大安區敦化南路一段,25.036853280637,121.549057687674
大安區,臺北市大安區古莊里羅斯福路二段,25.02621863888,121.523178445611
文山區,臺北市文山區溪洲街,25.00283617711,121.535578139007
文山區,臺北市文山區興隆路1段,25.004269661114,121.539133954494
中山區,臺北市中山區天津街,25.048759050491,121.522599672118
內湖區,臺北市中山區金湖路,25.077876995057,121.60014944585
內湖區,臺北市內湖區成功路4段,25.084210272047,121.595045709081
大安區,臺北市大安區安東街,25.043090482315,121.542480241032
大安區,臺北市大安區基隆路三段,25.018458788595,121.545580228331
大安區,臺北市大安區金華街,25.029939149379,121.52810445613
士林區,臺北市士林區華光街,25.095317503482,121.523070038074
大安區,臺北市大安區文昌街,25.032547564068,121.553221731964
中山區,臺北市中山區台北市中山區松江路,25.058164935337,121.533024904924
中山區,臺北市中山區民生東路3段,25.057875158474,121.540456653734
士林區,臺北市士林區福林路,25.096595345141,121.532184453547
北投區,臺北市士林區尊賢街,25.116791493992,121.507327657107
北投區,臺北市北投區一德街,25.129097195242,121.467998368098
文山區,臺北市文山區忠順里木柵路三段,24.988895012341,121.5684061769
大安區,臺北市大安區大學里羅斯福路三段,25.019297175588,121.529773071531
中山區,臺北市中山區民生東路2段,25.057901397051,121.532038527845
士林區,臺北市士林區忠誠路1段,25.105170070836,121.528573200094
大安區,臺北市大安區信義路3段,25.033491555574,121.538121414364
中山區,臺北市中山區朱崙里遼寧街,25.052280851841,121.542058556861
北投區,臺北市北投區北投區石牌路二段,25.11900457629,121.521154201994
士林區,臺北市士林區安平街,25.088444326558,121.525710266003
士林區,臺北市士林區小南街,25.088735851757,121.525435249739
北投區,臺北市北投區雙全街,25.138222179045,121.50103372786
士林區,臺北市士林區華聲街,25.095261013946,121.521970344499
文山區,鄰木柵路2段,24.988803942826,121.561662148876
文山區,臺北市文山區木新路2段,24.984498757334,121.56997521775
中山區,臺北市中山區南京東路2段,25.052126787203,121.53225226328
北投區,臺北市士林區天母北路,25.123646330279,121.526247199791
士林區,臺北市士林區福壽街,25.095826309082,121.525641121355
大安區,臺北市大安區復興南路1段,25.039167179106,121.543808461173
文山區,臺北市文山區木柵路1段,24.986870628629,121.546508825123
大安區,臺北市大安區敦南街,25.022255070992,121.546719141696
中山區,臺北市中山區復興南路1段,25.046164183493,121.543794172375
大安區,臺北市大安區大安路1段,25.037016391715,121.546038017406
士林區,臺北市士林區仰德大道三段,25.119437042443,121.552942131666
中山區,臺北市中山區長安東路2段,25.048434245375,121.536627792202
中山區,臺北市中山區中山北路3段,25.073760817392,121.524393571623
內湖區,臺北市內湖區寶湖里民權東路六段,25.068964930728,121.593451144717
大安區,臺北市大安區建國南路2段,25.027986253839,121.537977149947
北投區,臺北市北投區湖山路一段,25.15173509949,121.542790479162
文山區,臺北市文山區文山區興隆路一段,25.004269661114,121.539133954494
北投區,臺北市北投區振興街,25.118455906613,121.521963164103
大安區,臺北市大安區羅斯福路2段,25.02621863888,121.523178445611
士林區,臺北市士林區承德路5段,25.094467416014002,121.514600558535
北投區,臺北市士林區泉源路,25.142816776645,121.520319336976
北投區,臺北市北投區北投路二段,25.132547862286,121.497513022062
大安區,臺北市大安區安和路1段,25.036977253548,121.551898487688
北投區,臺北市北投區中華街,25.141894720534,121.501886258313
中山區,臺北市中山區台北市中山區吉林路,25.058177723775,121.530243286916
中山區,臺北市中山區建國北路3段,25.065775770269,121.536542092783
文山區,臺北市文山區保儀路二段,24.988772554784,121.568439855039
大安區,臺北市大安區仁愛里忠孝東路四段,25.041332349957,121.561059332732
北投區,臺北市北投區三合街二段,25.126264298328,121.500986140494
北投區,臺北市北投區一心路,25.133903685847,121.473752317251
文山區,臺北市文山區羅斯福路6段,24.994496793815,121.541112282616
大安區,臺北市大安區羅斯福路四段,25.0134628397,121.535786481142
文山區,臺北市文山區公館街,25.005677287462,121.537305883267
中山區,臺北市中山區濱江街,25.072362239279,121.545944540194
士林區,臺北市士林區仰德大道1段,25.10843438537,121.535392909452
士林區,臺北市士林區故宮路,25.096730084546,121.547209585645
大安區,臺北市大安區濟南路三段,25.04015783687,121.535429967582
北投區,臺北市北投區中央路1段,25.1323027,121.5026806
士林區,臺北市士林區後港里中正路,25.095110008398,121.524689079121
北投區,臺北市北投區杏林一路,25.140871753722,121.498560284663
文山區,臺北市文山區新光路1段,24.990791070895,121.573696534917
士林區,臺北市士林區中山北路6段,25.110796781343,121.525627891471
北投區,臺北市北投區中央北路1段,25.134777743947,121.499596515533
中山區,臺北市中山區民權東路1段,25.062786268938,121.525117397562
士林區,臺北市北投區後港街,25.08549104133,121.522308965649
中山區,臺北市中山區長安東路１段,25.048865821627,121.525594198362
北投區,臺北市北投區清江里新市街,25.132255237499,121.502157093544
士林區,臺北市士林區延平北路5段,25.082767590532,121.51025103124
大安區,臺北市大安區大安路2段,25.030772573914,121.546066526866
中山區,臺北市中山區八德路2段,25.046509757098,121.539103601919
北投區,臺北市士林區光明路,25.133406929798,121.501719482632
中山區,臺北市中山區台北市中山區中山北路1段,25.050122979586,121.521851375691
北投區,臺北市北投區裕民四路,25.11537115759,121.516234126105
文山區,臺北市文山區興業里興隆路二段,25.000743663791,121.549439076372
北投區,臺北市北投區榮光里石牌路一段,25.114047028061,121.512097844443
大安區,臺北市大安區民輝里建國南路一段,25.03913771523,121.538224024289
文山區,臺北市文山區萬慶街,24.994481938547,121.537097123768
內湖區,鄰星雲街,25.079456462298,121.593759446008
中山區,臺北市中山區恆安里雙城街,25.065672479414,121.524270433646
北投區,臺北市北投區中山北路7段,25.123251803614,121.532255739077
內湖區,臺北市中山區內湖路一段,25.081876731955,121.570101029934
士林區,臺北市士林區至善路三段,25.128251171949,121.58698347049
北投區,臺北市北投區石牌路1段,25.114047028061,121.512097844443
大安區,臺北市大安區安和路2段,25.028893031458,121.550706163944
內湖區,臺北市內湖區堤頂大道２段,25.07843742021,121.565602611157
士林區,臺北市士林區芝玉路１段,25.105358735859,121.535204282044
內湖區,臺北市內湖區石潭路,25.062810717357,121.587891633222
北投區,臺北市北投區東陽街,25.112305197678,121.519486669106
北投區,臺北市北投區豐年路2段,25.136329700595,121.494654599592
中山區,臺北市中山區力行里遼寧街,25.052280851841,121.542058556861
士林區,臺北市士林區仰德大道一段,25.10843438537,121.535392909452
內湖區,臺北市內湖區內湖路2段,25.0812084337,121.58689115097
北投區,臺北市北投區北投區知行路,25.119192367613,121.462873741129
士林區,臺北市士林區小西街,25.090360714141,121.523564629927
內湖區,臺北市內湖區堤頂大道一段,25.0633864471,121.572680254423
大安區,臺北市大安區仁愛路3段,25.038015344778,121.543567877689
士林區,臺北市士林區承德路五段,25.094467416014002,121.514600558535
士林區,臺北市士林區前港里大南路,25.088903934453,121.518391121524
北投區,臺北市北投區新北市北投區石牌路二段,25.11900457629,121.521154201994
士林區,臺北市士林區延平北路8段,25.105936895028,121.482920733481
士林區,臺北市士林區環河北路3段,25.085842245138,121.505618370147
士林區,臺北市士林區永倫里社中街,25.091562609485,121.507374217018
士林區,臺北市士林區下樹林街,25.093287208112,121.521227247995
士林區,臺北市士林區天玉里天母北路,25.118841028923,121.526215541149
士林區,臺北市士林區翠山街,25.108341414658,121.570045278894
大安區,臺北市大安區敦化南路2段,25.026950717151,121.548774407728
中山區,臺北市中山區市民大道二段,25.047531896554,121.526052678832
士林區,臺北市士林區磺溪街,25.107185416269,121.523072464773
內湖區,臺北市內湖區金豐街,25.063902493813,121.590311331626
內湖區,臺北市內湖區五分里東湖路,25.069793749167,121.612188528111
中山區,臺北市中山區朱崙里八德路二段,25.046509757098,121.539103601919
士林區,臺北市北投區華興街,25.095160908576,121.522377902419
士林區,臺北市士林區仰德大道2段,25.107105302932,121.545351762899
內湖區,臺北市中山區康樂街,25.084811902525,121.623911838868
文山區,臺北市文山區萬美街一段,25.002024393278,121.566649258139
大安區,臺北市大安區辛亥路2段,25.021652959365,121.538539827742
大安區,臺北市大安區市民大道三段,25.044458245307,121.540121957651
北投區,臺北市士林區承德路七段,25.11598523666,121.505548560155
文山區,臺北市文山區萬隆里萬隆街,25.000596075024,121.53747996232
士林區,臺北市士林區天和里中山北路7段,25.123251803614,121.532255739077
北投區,臺北市北投區立農街1段,25.119392371872,121.508390540105
大安區,臺北市大安區新生南路1段,25.038011367485,121.532699866242
文山區,臺北市文山區萬美街2段,25.005163189351,121.563769421497
文山區,臺北市文山區指南里指南路三段,24.973763448596,121.594295854953
內湖區,臺北市中山區金莊路,25.063217991855,121.587623392791
中山區,臺北市中山區江山里松江路,25.058164935337,121.533024904924
大安區,臺北市大安區忠孝東路3段,25.041602330189,121.538350155811
文山區,臺北市文山區政大里政大二街,24.987889143586,121.584011546827
北投區,臺北市北投區北投區致遠三路,25.121708055976,121.510537180283
大安區,臺北市大安區辛亥路1段,25.022041840189,121.532494518718
內湖區,臺北市內湖區永保街,25.063664023672,121.600121424956
北投區,臺北市北投區振華街,25.115733793338,121.518912936462
北投區,臺北市士林區明德路,25.112486055607,121.521791352855
士林區,臺北市士林區後港里福港街,25.085800055885,121.517665702511
士林區,臺北市士林區和豐街,25.082659528195,121.518240630845
士林區,臺北市士林區華興街,25.095160908576,121.522377902419
大安區,鄰基隆路二段,25.022949303755,121.550840234387
中山區,臺北市中山區中山北路２段,25.05858277814,121.522895439507
中山區,鄰遼寧街,25.052280851841,121.542058556861
北投區,臺北市北投區中央北路3段,25.137126962336,121.482576470371
北投區,臺北市北投區公錧路,25.1323027,121.5026806
北投區,臺北市北投區東華街2段,25.12032396417,121.510157766225
大安區,臺北市大安區敦化南路２段,25.026950717151,121.548774407728
士林區,臺北市士林區永倫里永平街,25.090839752513,121.50500278903
內湖區,臺北市內湖區行忠路,25.065178856841,121.576784527103
文山區,臺北市文山區木柵路3段,24.988895012341,121.5684061769
文山區,臺北市文山區萬年里羅斯福路五段,25.009128304548,121.537744329027
內湖區,臺北市內湖區成功路2段,25.067108844516,121.590707831286
大安區,臺北市大安區和平東路３段,25.023397031642,121.553413606078
北投區,臺北市北投區北投區中央南路2段,25.124225493277,121.500226313618
北投區,臺北市北投區台北市北投區石牌路二段,25.11900457629,121.521154201994
內湖區,臺北市內湖區舊宗路2段,25.070434852725,121.574837116958
文山區,臺北市文山區興旺里福興路,25.004034940539,121.549842380956
文山區,臺北市文山區羅斯褔路4段,24.9894668,121.5702959
中山區,號十四樓及民生東路3段,25.058137245969,121.537336121098
北投區,臺北市北投區立農街,25.1323027,121.5026806
大安區,臺北市大安區建倫里忠孝東路四段,25.041332349957,121.561059332732
士林區,臺北市士林區小北街,25.090422095601,121.526302773523
中山區,臺北市中山區建國北路1段,25.049531696841,121.536695875141
文山區,臺北市文山區指南路2段,24.986999971207,121.578479444041
中山區,臺北市中山區臺北市中山區北安路,25.078026573766,121.532309678968
北投區,臺北市北投區崇仰七路,25.131393685234,121.512357429498
內湖區,臺北市內湖區基湖路,25.080655529682,121.564991579313
文山區,臺北市文山區台北市文山區車前路,24.99158283928,121.540308302054
文山區,臺北市文山區樟腳里興隆路四段,24.986699812759,121.560933705504
中山區,臺北市中山區中正北路二段,25.0642508,121.5336277
中山區,臺北市中山區台北市中山區長安東路1段,25.048865821627,121.525594198362
內湖區,臺北市內湖區文湖路二段,25.0695059,121.5888703
北投區,臺北市北投區立德路,25.126797421971,121.471865473442
內湖區,臺北市內湖區內湖路,25.0695059,121.5888703
北投區,臺北市士林區中央北路四段,25.128833443648,121.469873803556
北投區,臺北市北投區東昇路,25.148603292475,121.528797497817
士林區,臺北市士林區建業路,25.0928568,121.5198273
文山區,臺北市文山區台北市文山區景福街,24.9977920247,121.53669194
文山區,臺北市文山區台北市文山區福興路,25.004034940539,121.549842380956
中山區,臺北市中山區新生北路1段,25.047711196493,121.529913720476
士林區,臺北市士林區美德街,25.094555780498,121.525298870238
北投區,臺北市北投區石牌里致遠一路一段,25.108813079692,121.515957387911
北投區,臺北市士林區文化三路,25.137376996337,121.497275843795
北投區,臺北市北投區中央北路4段,25.128833443648,121.469873803556
士林區,臺北市士林區延平北路七段,25.097497681087,121.494135146626
內湖區,臺北市中山區民權東路六段,25.068964930728,121.593451144717
大安區,臺北市大安區安和路１段,25.036977253548,121.551898487688
內湖區,臺北市內湖區新民路,25.0695059,121.5888703
北投區,臺北市北投區永興路1段,25.138663789267,121.499271678756
士林區,臺北市士林區通河東街1段,25.08518129807,121.516079907479
士林區,臺北市士林區小東街,25.089242260987,121.526212072167
內湖區,臺北市中山區安泰街,25.082258164069,121.615102728373
北投區,臺北市士林區石牌路一段,25.114047028061,121.512097844443
文山區,臺北市文山區汀州路4段,25.007362204926,121.537155999483
中山區,臺北市中山區龍江街,25.0642508,121.5336277
北投區,臺北市北投區崇仰九路,25.130971909391,121.513848566846
大安區,臺北市大安區復興南路,25.0264562,121.5345625
中山區,臺北市中山區中山北路１段,25.050122979586,121.521851375691
北投區,臺北市北投區新市街,25.132255237499,121.502157093544
中山區,臺北市中山區中山區民權東路一段,25.062786268938,121.525117397562
文山區,臺北市文山區溪州街,25.00283617711,121.535578139007
文山區,臺北市文山區老泉街,24.978434703191,121.563587063571
內湖區,臺北市內湖區民權東路,25.0695059,121.5888703
士林區,臺北市士林區新安路,25.128774884561,121.55580073268
大安區,臺北市大安區敦化南路１段,25.036853280637,121.549057687674
大安區,臺北市大安區市民大道4段,25.044937350028,121.546947788094
北投區,臺北市士林區西安街一段,25.110746242769,121.517813487981
士林區,鄰延平北路五段,25.082767590532,121.51025103124
北投區,臺北市北投區民權街,25.12923912631,121.501467829242
士林區,臺北市士林區新園街,25.150518758299,121.553506103001
士林區,臺北市士林區光華路,25.0928568,121.5198273
北投區,臺北市士林區天母西路,25.118951786377,121.522954905293
士林區,臺北市士林區華榮街,25.095396796286,121.523546046356
文山區,臺北市文山區台北市文山區木新路三段,24.981306695261,121.55923028275
士林區,臺北市士林區台北市士林區大南路,25.088903934453,121.518391121524
士林區,臺北市士林區至善路一段,25.097231699239,121.541559593581
大安區,臺北市大安區信義路３段,25.033491555574,121.538121414364
內湖區,臺北市內湖區康寧路３段,25.072117996617,121.608650904849
內湖區,臺北市中山區成功路三段,25.078202022921,121.589668918205
內湖區,臺北市中山區新明路,25.05714382028,121.584842612737
北投區,臺北市士林區吉利街,25.118643654412,121.508508867209
士林區,臺北市士林區士林區華齡街,25.085370528084,121.519380214541
士林區,臺北市士林區莊頂路,25.110349700097,121.553286033299
大安區,鄰富陽街,25.018595464562,121.556864451076
內湖區,臺北市內湖區內湖區金湖路,25.077876995057,121.60014944585
北投區,臺北市士林區振華街,25.115733793338,121.518912936462
士林區,臺北市士林區天玉里天母西路,25.118424445152,121.528040149844
北投區,臺北市士林區大度路三段,25.120933704362,121.499269415806
文山區,臺北市文山區羅斯福路,24.9894668,121.5702959
內湖區,臺北市內湖區成功路5段,25.080557299867,121.607134252674
士林區,鄰中山北路六段,25.110796781343,121.525627891471
北投區,臺北市北投區西安街1段,25.110746242769,121.517813487981
士林區,臺北市士林區路五段,25.0928568,121.5198273
士林區,臺北市士林區忠誠路,25.0928568,121.5198273
士林區,臺北市北投區天玉街,25.12123242179,121.530000332613
北投區,鄰育仁路,25.134500420314,121.499205568496
中山區,臺北市中山區建國南路一段,25.045405828358,121.536914423533
中山區,臺北市內湖區新生北路二段,25.056591241702,121.52771326608
北投區,臺北市北投區石仙路,25.141719045344,121.489415961939
文山區,臺北市文山區指南路１段,24.987662572822,121.571160911547
士林區,臺北市士林區中山北路７段,25.123251803614,121.532255739077
文山區,臺北市文山區辛亥路6段,24.991877634194,121.551407155658
文山區,臺北市文山區木新路３段,24.981306695261,121.55923028275
文山區,臺北市文山區台北市文山區辛亥路四段,25.009123339105,121.557991708542
文山區,臺北市文山區台北市文山區木柵路一段,24.986870628629,121.546508825123
中山區,臺北市中山區行仁里龍江路,25.05742772527,121.540620109852
文山區,臺北市文山區台北市文山區木新路3段,24.981306695261,121.55923028275
北投區,臺北市士林區三合街一段,25.127010680485,121.505590058268
文山區,臺北市文山區興隆路４段,24.986699812759,121.560933705504
文山區,臺北市文山區台北市文山區忠順街2段,24.98490623084,121.56425517399
內湖區,臺北市中山區成功路四段,25.084210272047,121.595045709081
士林區,臺北市士林區至誠路2段,25.101551180068,121.528183439019
大安區,臺北市大安區信義路三路,25.0264562,121.5345625
內湖區,臺北市內湖區康寧路1段,25.078776157946,121.595071786189
士林區,臺北市士林區延平北路５段,25.082767590532,121.51025103124
中山區,臺北市中山區建國北路３段,25.065775770269,121.536542092783
士林區,臺北市士林區力行街,25.097097861739,121.548606439105
文山區,臺北市文山區木新路,24.9894668,121.5702959
北投區,臺北市北投區翠雲街,25.143349161392,121.506873177047
大安區,臺北市大安區羅斯福路3段,25.019297175588,121.529773071531
中山區,臺北市中山區中山北路,25.0642508,121.5336277
士林區,臺北市士林區中庸二路,25.134349547671,121.547437822942
北投區,臺北市北投區永興路2段,25.14006732852,121.501887040379
中山區,臺北市中山區新生北路３段,25.071350409935,121.52756876449
中山區,臺北市中山區台北市中山區長春路,25.054752279187,121.536685174748
北投區,臺北市北投區北投區中央北路一段,25.134777743947,121.499596515533
士林區,臺北市士林區中庸五路,25.127669234559,121.552672344122
文山區,臺北市文山區台北市文山區下崙路,24.986252962957,121.557880510383
文山區,臺北市文山區木柵路,24.9894668,121.5702959
文山區,臺北市文山區秀明路1段,24.990936056046,121.566889895673
大安區,鄰復興南路二段,25.027280507132,121.543354032922
文山區,臺北市文山區文山區羅斯福路五段,25.009128304548,121.537744329027
北投區,臺北市北投區致遠一路1段,25.108813079692,121.515957387911
內湖區,臺北市內湖區還山路2段,25.0695059,121.5888703
北投區,臺北市北投區崇仁路1段,25.125425523158,121.50174449059
大安區,臺北市大安區新生北路1段,25.045343195836,121.53296429243
北投區,臺北市北投區進賢路,25.141044544739,121.504061678345
中山區,臺北市中山區中山區明水路,25.077406649721,121.544976702212
中山區,臺北市中山區民權東路,25.0642508,121.5336277
北投區,臺北市北投區永興路２段,25.14006732852,121.501887040379
文山區,臺北市文山區興隆路３段,24.995135557669,121.559747711824
北投區,臺北市北投區石牌路１段,25.114047028061,121.512097844443
內湖區,臺北市內湖區舊宗路２段,25.070434852725,121.574837116958
文山區,臺北市文山區辛亥路５段,24.998159417867,121.553071537376
士林區,臺北市士林區重慶北路,25.0928568,121.5198273
北投區,臺北市北投區中央北路４段,25.128833443648,121.469873803556
文山區,臺北市文山區木柵路３段,24.988895012341,121.5684061769
文山區,臺北市文山區文山區景福街,24.9977920247,121.53669194
北投區,臺北市北投區中央北路３段,25.137126962336,121.482576470371
文山區,臺北市文山區汀州路４段,25.007362204926,121.537155999483
文山區,臺北市文山區新光路,24.9894668,121.5702959
文山區,臺北市文山區辛亥路４段,25.009123339105,121.557991708542
士林區,臺北市士林區承德路４段,25.0896462,121.5182389
文山區,臺北市文山區羅斯福路５段,25.009128304548,121.537744329027
士林區,臺北市士林區葫蘆里中正路,25.095110008398,121.524689079121
文山區,臺北市文山區興隆路２段,25.000743663791,121.549439076372
北投區,臺北市北投區湖底路,25.152321014018,121.537707363263
中山區,臺北市中山區新生北路２段,25.056591241702,121.52771326608
北投區,臺北市北投區東華街２段,25.12032396417,121.510157766225
文山區,臺北市文山區羅斯福路４段,25.010466593997,121.537158069155
內湖區,臺北市內湖區內湖區內湖路１段,25.081876731955,121.570101029934
北投區,臺北市北投區北投區三合街一段,25.127010680485,121.505590058268
大安區,臺北市大安區信義路４段,25.033113030952,121.550456657675
士林區,臺北市士林區忠誠路１段,25.105170070836,121.528573200094
內湖區,臺北市內湖區文德街,25.0695059,121.5888703
大安區,臺北市大安區仁愛路３段,25.038015344778,121.543567877689
北投區,臺北市北投區崇仰六路,25.128743379801,121.515153928639
中山區,臺北市中山區中山區中山北路一段,25.050122979586,121.521851375691
北投區,臺北市北投區福美路,25.100607628282,121.510848989695
內湖區,臺北市內湖區內湖路２段,25.0812084337,121.58689115097
士林區,臺北市北投區士東路,25.112656186454,121.532536455367
士林區,臺北市士林區通河東街２段,25.094099324635,121.513439725225
內湖區,臺北市內湖區民權東路６段,25.068964930728,121.593451144717
中山區,臺北市中山區華陰街,25.04909528991,121.520268974034
中山區,鄰中山北路二段,25.05858277814,121.522895439507
大安區,臺北市大安區愛國東路,25.031816635594,121.525642327053
北投區,臺北市北投區中央南路,25.1323027,121.5026806
文山區,臺北市文山區台北市文山區忠順街２段,24.98490623084,121.56425517399
內湖區,臺北市內湖區民善街,25.062990152933,121.574718713934
大安區,臺北市大安區復興南路１段,25.039167179106,121.543808461173
中山區,民權東路二段,25.062449220883,121.532161254971
士林區,臺北市士林區貴富街,25.09680531225,121.523702829854
大安區,臺北市大安區和平東路１段,25.026656508551,121.528647064348
中山區,臺北市中山區長安東路２段,25.048434245375,121.536627792202
中山區,臺北市中山區中山北路３段,25.073760817392,121.524393571623
北投區,臺北市北投區立農街２段,25.11874373378,121.515374056599
士林區,臺北市士林區社新里環河北路三段,25.085842245138,121.505618370147
中山區,臺北市中山區中吉里松江路,25.058164935337,121.533024904924
大安區,臺北市大安區台北市大安區文昌街,25.032547564068,121.553221731964
士林區,臺北市士林區重慶北路４段,25.084121249957,121.511679141176
文山區,臺北市文山區萬美街１段,25.002024393278,121.566649258139
北投區,臺北市士林區福美路,25.100607628282,121.510848989695
北投區,臺北市士林區文林北路,25.10720238243,121.515364186518
內湖區,鄰港墘路,25.078777592261,121.576347960563
士林區,臺北市士林區忠勇街,25.098295281617,121.533416278468
中山區,臺北市中山區市民大道２段,25.047531896554,121.526052678832
北投區,鄰清江路,25.129260586628,121.501871945382
文山區,臺北市文山區開元街,24.989072568287,121.56965582021
中山區,鄰龍江路,25.05742772527,121.540620109852
中山區,臺北市中山區建國北路１段,25.049531696841,121.536695875141
中山區,臺北市中山區民生東路２段,25.057901397051,121.532038527845
北投區,臺北市北投區重三路,25.140266377769,121.488977621381
士林區,鄰雨農路,25.098830006959,121.532482915311
大安區,臺北市大安區忠孝東路３段,25.041602330189,121.538350155811
北投區,臺北市北投區西安街２段,25.119633186482,121.511013749286
大安區,臺北市大安區忠孝東路４段,25.041452460812,121.5488668357
北投區,臺北市北投區大度路,25.121892739453,121.4855253747
士林區,臺北市士林區中興街,25.09540037693,121.522685452438
大安區,臺北市大安區大安路１段,25.037016391715,121.546038017406
大安區,臺北市大安區仁愛路４段,25.037926894257,121.549714878397
中山區,臺北市中山區中山區錦州街,25.060349190852,121.531791902566
士林區,臺北市士林區至善路２段,25.102927046956,121.553221922082
中山區,臺北市中山區民權東路１段,25.062786268938,121.525117397562
士林區,臺北市士林區環河北路３段,25.085842245138,121.505618370147
士林區,臺北市士林區至誠路,25.0928568,121.5198273
北投區,臺北市北投區中央北路２段,25.138145841028,121.492187443532
北投區,臺北市北投區北投區稻香路,25.143633742968,121.486090028341
大安區,臺北市大安區復興南路２段,25.027280507132,121.543354032922
大安區,臺北市大安區大安路２段,25.030772573914,121.546066526866
大安區,臺北市大安區台北市大安區延吉街,25.035352210769,121.555786654574
文山區,鄰景福街,24.9977920247,121.53669194
中山區,臺北市中山區南京東路３段,25.051863335608,121.540536001612
士林區,臺北市士林區延平北路６段,25.090418154271,121.501203388639
北投區,臺北市北投區裕民三路,25.116038945458,121.516453104041
士林區,臺北市士林區仰德大道二段,25.107105302932,121.545351762899
大安區,臺北市大安區信義路２段,25.03376616451,121.529837811748
大安區,臺北市大安區羅斯斯路３段,25.0264562,121.5345625
中山區,臺北市中山區敬業四路,25.081259848878,121.558535295452
內湖區,臺北市中山區文德路,25.078498955153,121.585431956702
北投區,臺北市北投區陽明路一段,25.148957330332,121.549348744212
士林區,臺北市士林區志成街,25.096730553731,121.530149853478
內湖區,臺北市內湖區東湖街,25.0695059,121.5888703
大安區,臺北市大安區基隆路２段,25.022949303755,121.550840234387
文山區,臺北市文山區秀明路１段,24.990936056046,121.566889895673
文山區,臺北市文山區辛亥路７段,24.984044846928,121.554248742172
文山區,鄰忠順街一段,24.983863779883,121.55785801764
大安區,臺北市大安區建國南路２段,25.027986253839,121.537977149947
大安區,臺北市大安區羅斯福路３段,25.019297175588,121.529773071531
文山區,臺北市文山區忠順街,24.9894668,121.5702959
文山區,臺北市文山區木柵路２段,24.988803942826,121.561662148876
中山區,臺北市中山區南京東路２段,25.052126787203,121.53225226328
士林區,臺北市士林區台北市士林區重慶北路４段,25.084121249957,121.511679141176
內湖區,臺北市內湖區環山路１段,25.086403406416,121.566096492092
中山區,鄰松江路,25.058164935337,121.533024904924
中山區,臺北市中山區民權東路３段,25.062450349534,121.540574757675
大安區,臺北市大安區市民大道４段,25.044937350028,121.546947788094
大安區,臺北市大安區安和路２段,25.028893031458,121.550706163944
中山區,臺北市中山區崇實路,25.085811234666,121.544908058833
大安區,臺北市大安區台北市大安區臥龍街,25.018684895416,121.554943832648
北投區,臺北市北投區中央南路２段,25.124225493277,121.500226313618
士林區,臺北市士林區忠誠路２段,25.113498085579,121.53169075824
北投區,臺北市北投區三合街２段,25.126264298328,121.500986140494
士林區,臺北市北投區忠誠路一段,25.105170070836,121.528573200094
士林區,臺北市士林區福志里中山北路五段,25.081542308209,121.524686195574
北投區,臺北市北投區聖景路,25.120993041986,121.463130007827
文山區,臺北市文山區木柵路４段,24.994217791101,121.571656960438
文山區,臺北市文山區辛亥路６段,24.991877634194,121.551407155658
文山區,臺北市文山區萬美里和平東路四段,25.004535420977,121.57096368871
北投區,臺北市北投區石牌路２段,25.11900457629,121.521154201994
北投區,臺北市北投區中山北路７段,25.123251803614,121.532255739077
北投區,臺北市北投區中心里中和街,25.142556514005,121.498570189938
中山區,臺北市中山區民權東路２段,25.062449220883,121.532161254971
內湖區,臺北市內湖區環山路３段,25.084759769455,121.580422041406
士林區,臺北市士林區中山北路６段,25.110796781343,121.525627891471
內湖區,臺北市內湖區成功路２段,25.067108844516,121.590707831286
文山區,臺北市文山區指南路３段,24.973763448596,121.594295854953
內湖區,臺北市內湖區成功路５段,25.080557299867,121.607134252674
北投區,臺北市北投區西安街１段,25.110746242769,121.517813487981
中山區,臺北市中山區台北市中山區林森北路,25.061658979065,121.525627573797
士林區,臺北市士林區中山北路５段,25.081542308209,121.524686195574
士林區,臺北市士林區中社路１段,25.110920416888,121.561016367405
中山區,臺北市中山區新生北路１段,25.047711196493,121.529913720476
文山區,臺北市文山區秀明路２段,24.991942378433,121.575440830935
內湖區,臺北市內湖區成功路４段,25.084210272047,121.595045709081
內湖區,臺北市內湖區內湖路３段,25.092123353905,121.57727122373
士林區,臺北市士林區延平北路８段,25.105936895028,121.482920733481
大安區,臺北市大安區辛亥路２段,25.021652959365,121.538539827742
文山區,臺北市文山區羅斯福路６段,24.994496793815,121.541112282616
北投區,臺北市北投區豐年里中央北路二段,25.138145841028,121.492187443532
北投區,臺北市北投區崇仰五路,25.128594611972,121.516970309181
中山區,臺北市中山區民生東路１段,25.058089802128,121.525178345861
中山區,臺北市中山區臺北市中山區林森北路,25.061658979065,121.525627573797
中山區,臺北市中山區中山區遼寧街,25.052280851841,121.542058556861
北投區,臺北市北投區崇仁路１段,25.125425523158,121.50174449059
北投區,臺北市北投區承德路７段,25.11598523666,121.505548560155
中山區,臺北市中山區台北市中山區樂群二路,25.079996630667,121.557455083865
北投區,臺北市北投區湖山路１段,25.15173509949,121.542790479162
士林區,臺北市士林區台北市士林區雨聲街,25.104644611547,121.530537722329
文山區,臺北市文山區興隆路１段,25.004269661114,121.539133954494
中山區,臺北市中山區中山區中原街,25.059857510765,121.528916945018
士林區,臺北市士林區中社路２段,25.107427536504,121.5686039834
士林區,臺北市士林區福得里中正路,25.095110008398,121.524689079121
北投區,臺北市北投區西園街,25.145722687627998,121.50584130977
中山區,臺北市中山區臺北市中山區遼寧街,25.052280851841,121.542058556861
中山區,臺北市中山區中山區農安街,25.064777913822,121.532526105274
北投區,臺北市北投區北投區文化里文化三路,25.137376996337,121.497275843795
北投區,臺北市北投區智仁里中和街,25.142556514005,121.498570189938
北投區,臺北市北投區登山路,25.149819213954,121.512125876101
文山區,鄰汀州路四段,25.007362204926,121.537155999483
士林區,臺北市士林區芝玉路２段,25.111399356809,121.534751238431
中山區,臺北市中山區正義里林森北路,25.061658979065,121.525627573797
大安區,臺北市大安區新生南路１段,25.038011367485,121.532699866242
大安區,臺北市大安區和平東路２段,25.025180751795,121.540713017269
中山區,臺北市中山區復興南路１段,25.046164183493,121.543794172375
內湖區,內湖路一段,25.081876731955,121.570101029934
大安區,臺北市大安區新生南路２段,25.02748829143,121.534747900155
士林區,仰德大道三段,25.119437042443,121.552942131666
北投區,稻香路,25.143633742968,121.486090028341
內湖區,民權東路六段,25.068964930728,121.593451144717
北投區,行義路,25.132533014692,121.528432671645
士林區,德行西路,25.104836528162,121.522233309585
大安區,市民大道三段,25.044458245307,121.540121957651
士林區,忠誠路一段,25.105170070836,121.528573200094
中山區,民權東路三段,25.062450349534,121.540574757675
文山區,景興路,24.992261135246,121.544043023281
北投區,中山路,25.137279403447,121.508617198987
中山區,德惠街,25.066577603168,121.530681169239
文山區,萬寧街,25.003480086633,121.569267095506
文山區,興隆路二段,25.000743663791,121.549439076372
文山區,羅斯福路六段,24.994496793815,121.541112282616
大安區,大安路二段,25.030772573914,121.546066526866
內湖區,內湖路二段,25.0812084337,121.58689115097
中山區,民生東路一段,25.058089802128,121.525178345861
內湖區,新明路,25.05714382028,121.584842612737
大安區,和平東路三段,25.023397031642,121.553413606078
中山區,松江路,25.058164935337,121.533024904924
文山區,辛亥路四段,25.009123339105,121.557991708542
北投區,溫泉路,25.136269795143,121.510254790349
大安區,光復南路,25.041435962129,121.557590146238
中山區,龍江路,25.05742772527,121.540620109852
中山區,中山北路三段,25.073760817392,121.524393571623
中山區,渭水路,25.045688899021,121.53384384512199
中山區,堤頂大道二段,25.074584704325,121.572128676364
士林區,天母北路,25.120918609176,121.526637096571
北投區,自強街,25.110663696714,121.514633411107
內湖區,金龍路,25.085974738936,121.589964868042
內湖區,港墘路,25.078777592261,121.576347960563
文山區,仙岩路,24.999616603943,121.54957499293
大安區,忠孝東路三段,25.041602330189,121.538350155811
北投區,崇仁路一段,25.125425523158,121.50174449059
士林區,忠誠路二段,25.113498085579,121.53169075824
中山區,八德路二段,25.046509757098,121.539103601919
士林區,大南路,25.088903934453,121.518391121524
文山區,興隆路四段,24.986699812759,121.560933705504
中山區,中山北路一段,25.050122979586,121.521851375691
內湖區,麗山街,25.080982500662,121.580417282624
文山區,福興路,25.004034940539,121.549842380956
士林區,前街,25.098587924972,121.525951876757
文山區,萬美街二段,25.005163189351,121.563769421497
中山區,民權東路一段,25.062786268938,121.525117397562
中山區,錦州街,25.0575371,121.5208872
內湖區,東湖路,25.06818772349,121.616293596445
中山區,林森北路,25.061658979065,121.525627573797
文山區,木新路二段,24.984498757334,121.56997521775
文山區,羅斯福路四段,25.010466593997,121.537158069155
大安區,信義路三段,25.033491555574,121.538121414364
北投區,西安街一段,25.110746242769,121.517813487981
大安區,信義路四段,25.033113030952,121.550456657675
北投區,中央北路二段,25.138145841028,121.492187443532
文山區,萬安街,24.999990955777,121.57093336226
北投區,幽雅路,25.137511499449,121.513975124577
中山區,南京東路三段,25.051863335608,121.540536001612
士林區,社中街,25.091562609485,121.507374217018
內湖區,成功路四段,25.084210272047,121.595045709081
北投區,三合街一段,25.127010680485,121.505590058268
文山區,萬壽路,24.988662106507,121.587909410426
文山區,興隆路三段,24.995135557669,121.559747711824
士林區,中山北路七段,25.123251803614,121.532255739077
中山區,南京東路二段,25.052126787203,121.53225226328
文山區,政大二街,24.987889143586,121.584011546827
文山區,永安街,24.986804693543,121.570269449303
北投區,永興路二段,25.14006732852,121.501887040379
中山區,敬業二路,25.082190215264,121.554400696928
文山區,育英街,24.991494658842,121.538334433597
大安區,富陽街,25.018595464562,121.556864451076
北投區,懷德街,25.112652755927,121.519523703035
士林區,福華路,25.103100622657,121.522741971956
大安區,杭州南路二段,25.03209518066,121.522514912435
內湖區,康寧路三段,25.072117996617,121.608650904849
士林區,福港街,25.085800055885,121.517665702511
文山區,萬盛街,25.00602159615,121.540720604509
內湖區,安康路,25.06322900458,121.601809049296
中山區,新生北路二段,25.056591241702,121.52771326608
內湖區,星雲街,25.079456462298,121.593759446008
大安區,忠孝東路四段,25.041452460812,121.5488668357
中山區,中山北路二段,25.05858277814,121.522895439507
內湖區,成功路三段,25.078202022921,121.589668918205
北投區,中央北路四段,25.128833443648,121.469873803556
大安區,復興南路二段,25.027280507132,121.543354032922
大安區,敦化南路二段,25.026950717151,121.548774407728
北投區,明德路,25.112486055607,121.521791352855
文山區,中崙路,24.983436930078,121.565020014008
文山區,指南路三段,24.973763448596,121.594295854953
士林區,天母西路,25.118440606618,121.526992460668
文山區,汀州路四段,25.007362204926,121.537155999483
文山區,景仁街,24.99735368994,121.539998332025
北投區,實踐街,25.115227950566,121.50920244307
文山區,秀明路一段,24.990936056046,121.566889895673
中山區,雙城街,25.065672479414,121.524270433646
內湖區,成功路二段,25.067108844516,121.590707831286
士林區,延平北路五段,25.082767590532,121.51025103124
大安區,仁愛路四段,25.037926894257,121.549714878397
大安區,延吉街,25.035352210769,121.555786654574
文山區,樟新街,24.976620416634,121.556063231162
內湖區,康樂街,25.084811902525,121.623911838868
文山區,一壽街,24.979617418623,121.556636248821
內湖區,文德路,25.078498955153,121.585431956702
士林區,倫等街,25.092416767956,121.501305005922
士林區,莊頂路,25.110349700097,121.553286033299
中山區,新生北路一段,25.047711196493,121.529913720476
北投區,裕民六路,25.114150336182,121.517359899626
北投區,義理街,25.1172070847,121.515681495248
中山區,敬業一路,25.081316765762,121.552750688387
大安區,信義路二段,25.03376616451,121.529837811748
文山區,景華街,24.995427135392,121.546321015786
中山區,新生北路三段,25.071350409935,121.52756876449
中山區,長安東路一段,25.048865821627,121.525594198362
北投區,中和街,25.142556514005,121.498570189938
內湖區,行善路,25.061734641085,121.584112474452
士林區,前港街,25.084885173140002,121.520495048322
北投區,中央北路三段,25.137126962336,121.482576470371
大安區,瑞安街,25.028087751248,121.540749793853
北投區,致遠一路一段,25.108813079692,121.515957387911
北投區,泉源路,25.142816776645,121.520319336976
大安區,羅斯福路三段,25.019297175588,121.529773071531
大安區,金華街,25.029939149379,121.52810445613
中山區,建國北路二段,25.057095274167,121.536654653154
內湖區,大湖山莊街,25.085594977044,121.603502280532
內湖區,瑞光路,25.0704,121.5781
中山區,吉林路,25.058177723775,121.530243286916
北投區,磺港路,25.128487331099,121.503074260492
北投區,立農街一段,25.119392371872,121.508390540105
內湖區,新豐街,25.060263697371,121.583972785644
大安區,浦城街,25.024778918972,121.527607343403
大安區,敦化南路一段,25.036853280637,121.549057687674
中山區,南京東路一段,25.052032600091,121.525083491316
中山區,北安路,25.078026573766,121.532309678968
大安區,辛亥路三段,25.017044679668,121.548610811338
內湖區,舊宗路一段,25.061315151784,121.578342321226
北投區,天母西路,25.118951786377,121.522954905293
士林區,士東路,25.112656186454,121.532536455367
文山區,萬芳路,24.998785145547,121.569291778065
中山區,天津街,25.048759050491,121.522599672118
內湖區,文湖街,25.086707534379,121.562245226626
大安區,四維路,25.030146642583,121.547999034408
北投區,石牌路二段,25.11900457629,121.521154201994
內湖區,五分街,25.067408570748,121.614504685891
中山區,天祥路,25.062293217939,121.520961816347
內湖區,陽光街,25.075329600454,121.585930737057
北投區,紗帽路,25.145155331771,121.531301823386
北投區,清江路,25.129260586628,121.501871945382
大安區,金山南路二段,25.030390443113,121.526563980615
大安區,建國南路一段,25.03913771523,121.538224024289
中山區,撫順街,25.06359952899,121.520806820177
士林區,重慶北路四段,25.084121249957,121.511679141176
北投區,知行路,25.119192367613,121.462873741129
北投區,文林北路,25.10720238243,121.515364186518
文山區,木柵路二段,24.988803942826,121.561662148876
內湖區,洲子街,25.078583002971,121.574787418518
大安區,復興南路一段,25.039167179106,121.543808461173
士林區,基河路,25.094255832677,121.519293224972
中山區,伊通街,25.052488900501,121.534805918997
文山區,辛亥路七段,24.984044846928,121.554248742172
文山區,興德路,25.003020600341,121.557220852473
大安區,泰順街,25.023931302161,121.531361672244
北投區,三合街二段,25.126264298328,121.500986140494
士林區,中社路二段,25.107427536504,121.5686039834
中山區,明水路,25.077406649721,121.544976702212
士林區,通河東街一段,25.08518129807,121.516079907479
士林區,芝玉路一段,25.105358735859,121.535204282044
中山區,敬業三路,25.080942588798,121.556251665298
北投區,中山北路七段,25.123251803614,121.532255739077
中山區,民生東路二段,25.057901397051,121.532038527845
內湖區,金湖路,25.077876995057,121.60014944585
士林區,雨聲街,25.104644611547,121.530537722329
士林區,明溪街,25.107109394093,121.565122983886
內湖區,港華街,25.0830160618,121.575094127487
內湖區,潭美街,25.06081083035,121.592990398169
中山區,長春路,25.054752279187,121.536685174748
文山區,溪口街,24.995563749966,121.538687311515
北投區,致遠二路,25.116238085851,121.511731228502
士林區,中正路,25.086231141109,121.506981287228
中山區,長安東路二段,25.048434245375,121.536627792202
中山區,五常街,25.064304530857,121.539897002154
士林區,格致路,25.140575067994,121.548834515327
中山區,復興北路,25.049720178235,121.543868643043
內湖區,安泰街,25.082258164069,121.615102728373
中山區,合江街,25.058490553092,121.539186340293
內湖區,成功路五段,25.080557299867,121.607134252674
內湖區,內湖路三段,25.092123353905,121.57727122373
文山區,久康街,24.989989400412,121.566355602336
北投區,關渡路,25.12071101824,121.469297703729
大安區,和平東路一段,25.026656508551,121.528647064348
文山區,和平東路四段,25.004535420977,121.57096368871
士林區,中山北路六段,25.110796781343,121.525627891471
北投區,承德路七段,25.11598523666,121.505548560155
文山區,景福街,24.9977920247,121.53669194
士林區,社子街,25.087466681903,121.506203327118
士林區,芝玉路二段,25.111399356809,121.534751238431
北投區,中央南路二段,25.124225493277,121.500226313618
士林區,承德路四段,25.087803112845,121.522307311693
大安區,樂業街,25.021307089247,121.551556057454
士林區,福壽街,25.096869390433,121.525456178881
北投區,文化三路,25.137376996337,121.497275843795
士林區,文昌路,25.096333846264,121.521128676234
文山區,木新路三段,24.981306695261,121.55923028275
文山區,忠順街二段,24.98490623084,121.56425517399
士林區,忠義街,25.10627909449,121.532042556705
文山區,木柵路一段,24.986870628629,121.546508825123
北投區,石牌路一段,25.114047028061,121.512097844443
內湖區,南京東路六段,25.058808228418,121.584833072319
北投區,大度路三段,25.123096566371,121.46785800259
中山區,基湖路,25.077652423482,121.563221944559
文山區,木柵路四段,24.994217791101,121.571656960438
文山區,新光路一段,24.990791070895,121.573696534917
內湖區,康寧路一段,25.078776157946,121.595071786189
北投區,光明路,25.133406929798,121.501719482632
北投區,尊賢街,25.116791493992,121.507327657107
士林區,天母東路,25.118182603831,121.535627781894
士林區,菁山路,25.144094024402,121.55963853595
大安區,樂利路,25.02733343593,121.551460135451
士林區,福林路,25.096595345141,121.532184453547
北投區,大屯路,25.143475865731,121.500638277906
大安區,通化街,25.02742344597,121.553415423157
大安區,辛亥路一段,25.022041840189,121.532494518718
北投區,裕民二路,25.115284507123,121.516870916626
文山區,木柵路三段,24.988895012341,121.5684061769
內湖區,基湖路,25.080655529682,121.564991579313
北投區,東華街二段,25.12032396417,121.510157766225
中山區,民生西路,25.057740824199,121.521795624182
北投區,長壽路,25.142624750294,121.504392473676
內湖區,新富街,25.05977268406,121.584277423642
北投區,西安街二段,25.119633186482,121.511013749286
文山區,辛亥路五段,24.998159417867,121.553071537376
北投區,吉利街,25.118643654412,121.508508867209
大安區,和平東路二段,25.025180751795,121.540713017269
大安區,新生南路三段,25.021110303413,121.534239705385
大安區,大安路一段,25.037016391715,121.546038017406
文山區,試院路,24.989207887689,121.544820794987
中山區,市民大道三段,25.044910305055,121.535928200671
文山區,保儀路,24.986155823055,121.567796264477
士林區,通河西街二段,25.093099593338,121.506350438162
中山區,建國北路一段,25.049531696841,121.536695875141
中山區,建國北路三段,25.065775770269,121.536542092783
北投區,富貴一路,25.114063158007,121.523927180295
士林區,中庸五路,25.127669234559,121.552672344122
北投區,復興四路,25.143324387874,121.501257111062
士林區,通河街,25.080425529387,121.521726896048
大安區,辛亥路二段,25.021652959365,121.538539827742
士林區,至誠路二段,25.101551180068,121.528183439019
文山區,羅斯福路五段,25.009128304548,121.537744329027
大安區,愛國東路,25.031816635594,121.525642327053
士林區,德行東路,25.109352802711,121.533008578197
中山區,民族東路,25.068214000982,121.537413886154
士林區,士商路,25.092127675028,121.518907908634
大安區,羅斯福路二段,25.02621863888,121.523178445611
文山區,興順街,25.001295780409,121.545244731085
北投區,崗山路,25.140952039931,121.486547878892
北投區,立功街,25.126078159561,121.470107389199
士林區,葫東街,25.083624332544,121.511052149575
文山區,辛亥路六段,24.991877634194,121.551407155658
中山區,農安街,25.064777913822,121.532526105274
中山區,樂群二路,25.079996630667,121.557455083865
北投區,奇岩路,25.129898827804,121.507615879238
文山區,秀明路二段,24.991942378433,121.575440830935
士林區,福德路,25.091994854989,121.523575591472
內湖區,江南街,25.077201161924,121.577295899514
士林區,文林路,25.089941071296,121.527042905147
大安區,潮州街,25.028890990012,121.526296436131
大安區,安和路一段,25.036977253548,121.551898487688
中山區,中原街,25.059857510765,121.528916945018
大安區,溫州街,25.022308387387,121.533183474371
大安區,安和路二段,25.028893031458,121.550706163944
大安區,新生南路一段,25.038011367485,121.532699866242
士林區,東山路,25.114013923968,121.539173285274
大安區,基隆路二段,25.022949303755,121.550840234387
士林區,劍潭路,25.083981814995,121.522315422326
士林區,延平北路六段,25.090418154271,121.501203388639
內湖區,環山路二段,25.085322684925,121.573688591123
北投區,北投路二段,25.132547862286,121.497513022062
內湖區,堤頂大道一段,25.0633864471,121.572680254423
文山區,政大一街,24.985792517365,121.584225458194
北投區,大業路,25.131459041036,121.496141204252
大安區,青田街,25.028183301079,121.531955190716
北投區,珠海路,25.142328675176,121.506534439446
大安區,市民大道四段,25.044937350028,121.546947788094
北投區,大興街,25.130597234192,121.500775340905
中山區,興安街,25.056147278846,121.539392807634
士林區,華榮街,25.09677760327,121.523288365112
士林區,中社路一段,25.110920416888,121.561016367405
中山區,遼寧街,25.052280851841,121.542058556861
內湖區,瑞湖街,25.071674574464,121.576295434214
北投區,中正街,25.132171687785,121.500356133783
文山區,指南路二段,24.986999971207,121.578479444041
內湖區,行愛路,25.063620499443,121.580453794324
文山區,光輝路,24.9861107,121.5557966
中山區,植福路,25.08210073465,121.560933056424
北投區,致遠一路二段,25.112374536018,121.513416964114
內湖區,環山路一段,25.086403406416,121.566096492092
中山區,大直街,25.083900203224,121.546308357289
大安區,建國南路二段,25.027986253839,121.537977149947
大安區,臨江街,25.029411604642,121.557253744247
士林區,延平北路八段,25.105936895028,121.482920733481
士林區,雨農路,25.098830006959,121.532482915311
士林區,葫蘆街,25.083050602679,121.507801194378
大安區,仁愛路三段,25.038015344778,121.543567877689
北投區,雙全街,25.138222179045,121.50103372786
大安區,師大路,25.025659568835,121.528403682202
文山區,三福街,24.996803752513,121.542090462155
北投區,中央南路一段,25.130485376097,121.501126473873
士林區,環河北路三段,25.085842245138,121.505618370147
內湖區,新湖二路,25.063541663741,121.58088626041
文山區,興隆路一段,25.004269661114,121.539133954494
士林區,小北街,25.090422095601,121.526302773523
士林區,福志路,25.098949684109,121.52992393175
文山區,下崙路,24.986252962957,121.557880510383
文山區,臺北市文山區木柵路１段,24.986870628629,121.546508825123
大安區,臥龍街,25.018684895416,121.554943832648
文山區,忠順街一段,24.983863779883,121.55785801764
北投區,重三路,25.140266377769,121.488977621381
北投區,福美路,25.100607628282,121.510848989695
北投區,中央北路一段,25.134777743947,121.499596515533
文山區,政大三街,24.986279765851,121.583642391905
北投區,復興一路,25.140807298431,121.502800216288
士林區,通河東街二段,25.094099324635,121.513439725225
士林區,克強路,25.108885275801,121.524000795591
文山區,萬利街,25.00047968902,121.565633730592
文山區,萬隆街,25.000596075024,121.53747996232
中山區,民權西路,25.062903352972,121.521114947424
中山區,民生東路三段,25.057875158474,121.540456653734
北投區,新市街,25.132255237499,121.502157093544
大安區,東豐街,25.036040475747,121.546079211723
北投區,育仁路,25.134500420314,121.499205568496
文山區,恆光街,24.98189133339,121.56718140351
文山區,萬和街,25.000733054714,121.568528616319
北投區,中心街,25.138221509187,121.510574590724
中山區,復興南路一段,25.046164183493,121.543794172375
北投區,同德街,25.125104871158,121.528108146376
北投區,裕民一路,25.116545937005,121.517540574956
士林區,中山北路五段,25.081542308209,121.524686195574
文山區,和興路,24.98502852685,121.547985403669
中山區,建國南路一段,25.045405828358,121.536914423533
北投區,新民路,25.139999608821,121.510142808718
士林區,光華路,25.137762005596,121.544028773806
中山區,樂群三路,25.082649936263,121.556298570067
內湖區,堤頂大道二段,25.07843742021,121.565602611157
士林區,大西路,25.090237481653,121.524282627453
北投區,東華街一段,25.111069238339,121.518234844589
北投區,永興路一段,25.138663789267,121.499271678756
文山區,景文街,24.989095985444,121.540888723581
士林區,後港街,25.08549104133,121.522308965649
大安區,新生南路二段,25.02748829143,121.534747900155
士林區,華光街,25.095317503482,121.523070038074
文山區,溪洲街,25.00283617711,121.535578139007
士林區,永平街,25.090839752513,121.50500278903
大安區,安居街,25.019814684504,121.553589704898
士林區,翠山街,25.108341414658,121.570045278894
北投區,榮華一路,25.112260215251,121.524262369978
內湖區,金豐街,25.063902493813,121.590311331626
北投區,復興三路,25.153827290443,121.504006868371
北投區,榮華三路,25.113793013351,121.523721330632
大安區,通安街,25.029928146273,121.553077920664
士林區,至善路二段,25.102927046956,121.553221922082
大安區,麗水街,25.03021420107,121.528558635342
士林區,至誠路一段,25.101295832925,121.533816375377
北投區,翠嶺路,25.142662713263,121.506192156046
內湖區,新湖三路,25.064700615991,121.579087890216
內湖區,安美街,25.05999063185,121.600389448443
大安區,永康街,25.0327152,121.5296582
士林區,華齡街,25.085370528084,121.519380214541
內湖區,大湖街,25.095626828492,121.605685370031
中山區,一江街,25.052675541439,121.531484028505
士林區,大亨路,25.142376103877,121.547917541421
中山區,通北街,25.085910234547,121.537139840917
士林區,天玉街,25.12123242179,121.530000332613
文山區,景豐街,25.000249957777,121.54593908359
北投區,義方街,25.14106716782,121.501631229807
士林區,雙溪街,25.100904505115,121.52830634461
文山區,景中街,24.992902591294,121.542770639095
北投區,天母北路,25.123646330279,121.526247199791
北投區,東陽街,25.112305197678,121.519486669106
北投區,建民路,25.108809368397,121.517289747604
北投區,北投路一段,25.122383249987,121.501749684776
內湖區,臺北市內湖區南京東路６段,25.058808228418,121.584833072319
北投區,臺北市北投區秀山路,25.147937183458,121.493235161317
內湖區,臺北市內湖區內湖區麗山街,25.080982500662,121.580417282624
文山區,景隆街,24.999517416712,121.541991845628
士林區,福國路,25.101830085092,121.5218514409
大安區,羅斯福路四段,25.0134628397,121.535786481142
文山區,景後街,24.989396657147,121.541928038848
士林區,至善路三段,25.128251171949,121.58698347049
士林區,永公路,25.129192044503,121.565165111623
北投區,臺北市北投區文化里文化三路,25.137376996337,121.497275843795
北投區,立德路,25.126797421971,121.471865473442
士林區,幸福街,25.096546437171,121.528061168049
大安區,敦南街,25.022255070992,121.546719141696
內湖區,環山路三段,25.084759769455,121.580422041406
中山區,錦西街,25.0575371,121.5208872
北投區,開明街,25.141549344996,121.501685800674
中山區,四平街,25.053663582025,121.531509519326
北投區,新興路,25.140201767819,121.487722214227
北投區,泉源里登山路,25.149819213954,121.512125876101
北投區,豐年路二段,25.136329700595,121.494654599592
士林區,大北路,25.090077308441,121.525307276835
北投區,登山路,25.149819213954,121.512125876101
大安區,基隆路三段,25.018458788595,121.545580228331
大安區,雲和街,25.023216900572,121.532660811163
士林區,社正路,25.088904454647,121.51018217053701
北投區,民族街,25.132754481094,121.505587442216
北投區,杏林三路,25.141499659888,121.497389132866
文山區,車前路,24.99158283928,121.540308302054
北投區,立農街二段,25.11874373378,121.515374056599
士林區,故宮路,25.096730084546,121.547209585645
北投區,秀山路,25.147937183458,121.493235161317
內湖區,石潭路,25.062810717357,121.587891633222
北投區,翠宜路,25.143320476439,121.505121747715
內湖區,行忠路,25.065178856841,121.576784527103
士林區,大東路,25.092112399408,121.525380070247
北投區,振華街,25.115733793338,121.518912936462
北投區,振興街,25.118455906613,121.521963164103
士林區,和豐街,25.082659528195,121.518240630845
北投區,大度路,25.121892739453,121.4855253747
士林區,美崙街,25.09686545863,121.521336244285
北投區,復興二路,25.142467594728,121.503054925028
北投區,榮華二路,25.113487873459,121.523347466395
士林區,小西街,25.090360714141,121.523564629927
文山區,景美街,24.988597579446,121.54180769673
內湖區,新湖一路,25.060701528212,121.579901437654
北投區,致遠三路,25.121708055976,121.510537180283
北投區,大同街,25.137530396314,121.499161979105
北投區,杏林一路,25.140871753722,121.498560284663
士林區,華岡路,25.137801303743,121.540989485739
大安區,濟南路三段,25.04015783687,121.535429967582
士林區,磺溪街,25.107185416269,121.523072464773
北投區,崇仰一路,25.125569510291,121.511586402907
大安區,八德路二段,25.044920670291,121.534524271376
大安區,安東街,25.043090482315,121.542480241032
中山區,華陰街,25.04909528991,121.520268974034
文山區,景明街,25.00116838199,121.54115240077
北投區,洲美街,25.105577043806,121.499145105625
北投區,石仙路,25.141719045344,121.489415961939
文山區,萬慶街,24.994481938547,121.537097123768
士林區,仰德大道四段,25.129742838996,121.547565398478
文山區,萬美街一段,25.002024393278,121.566649258139
中山區,安東街,25.045950667419,121.541998211683
中山區,朱崙街,25.049991033751,121.540428267088
大安區,文昌街,25.032547564068,121.553221731964
士林區,新安路,25.128774884561,121.55580073268
文山區,富山路,24.989503768489,121.553698324482
中山區,長安西路,25.050034154818,121.520900188119
北投區,杏林二路,25.142425896538,121.496859658994
士林區,新園街,25.150518758299,121.553506103001
內湖區,金莊路,25.063217991855,121.587623392791
內湖區,永保街,25.063664023672,121.600121424956
士林區,中庸一路,25.135620350547,121.552687291322
北投區,承德路六段,25.104872617243,121.511865482599
士林區,文林路一段,25.097354526149,121.524334636811
士林區,建業路,25.135849009618,121.548335272151
士林區,後街,25.09810065383,121.524701574324
文山區,公館街,25.005677287462,121.537305883267
內湖區,舊宗路二段,25.070434852725,121.574837116958
士林區,正路,25.0928568,121.5198273
北投區,中華街,25.141894720534,121.501886258313
北投區,立農街,25.121476,121.505448
大安區,嘉興街,25.022241284004,121.552418086434
大安區,龍泉街,25.025529056423,121.529278127162
中山區,崇實路,25.085811234666,121.544908058833
文山區,指南路一段,24.987662572822,121.571160911547
士林區,華聲街,25.095814404538,121.521892218132
北投區,湖底路,25.152321014018,121.537707363263
士林區,承德路五段,25.094467416014002,121.514600558535
士林區,通河西街一段,25.082711766333,121.51301797324
士林區,仰德大道一段,25.10843438537,121.535392909452
北投區,豐年路一段,25.13416129452,121.497507081335
士林區,美德街,25.096794313445,121.524744241862
中山區,南京西路,25.052206070363,121.522525339224
士林區,福榮街,25.096694454291,121.527013824361
北投區,裕民四路,25.11537115759,121.516234126105
北投區,臺北市北投區清江里崇仁路一段,25.125425523158,121.50174449059
士林區,鄰格致路,25.140575067994,121.548834515327
北投區,臺北市北投區崇仰三路,25.128142539929,121.514993635097
北投區,臺北市北投區承德路六段,25.104872617243,121.511865482599
北投區,臺北市北投區立賢路,25.114011888506,121.501826690144
北投區,臺北市北投區崇仰二路,25.128482445368,121.514190212594
北投區,臺北市北投區宜山路,25.143164863021,121.506120872708
士林區,臺北市士林區平菁街,25.132458556503,121.57316382194
北投區,臺北市北投區中心街,25.138221509187,121.510574590724
士林區,臺北市士林區仰德大道四段,25.129742838996,121.547565398478
士林區,臺北市士林區大光街,25.096593723254,121.521380064152
士林區,臺北市士林區仁民路,25.131730810945,121.544447730974
北投區,臺北市北投區文承路,25.104998187566,121.514440374222
